order_id,order_name,stage,time,timestamp,resource,queue_recv,queue_pick,queue_ship,queue_deliv
1,Order1,verify_start,5.1003014363740045,2025-07-20 09:05:06.018086,,0,0,0,0
2,Order2,verify_start,6.363232364724572,2025-07-20 09:06:21.793942,,0,0,0,0
1,Order1,verify_end,6.433894109182088,2025-07-20 09:06:26.033647,,0,0,0,0
1,Order1,pick_start,6.433894109182088,2025-07-20 09:06:26.033647,Picking,0,0,0,0
1,Order1,pick_end,6.7977037276083525,2025-07-20 09:06:47.862224,Picking,0,0,0,0
1,Order1,pack_start,6.7977037276083525,2025-07-20 09:06:47.862224,,0,0,0,0
1,Order1,pack_end,7.893796046401334,2025-07-20 09:07:53.627763,,0,0,0,0
1,Order1,ship_start,7.893796046401334,2025-07-20 09:07:53.627763,Shipping,0,0,0,0
1,Order1,ship_end,8.196297818474921,2025-07-20 09:08:11.777869,Shipping,0,0,0,0
1,Order1,deliver_start,8.196297818474921,2025-07-20 09:08:11.777869,Delivery,0,0,0,0
2,Order2,verify_end,8.590520464275953,2025-07-20 09:08:35.431228,,0,0,0,0
2,Order2,pick_start,8.590520464275953,2025-07-20 09:08:35.431228,Picking,0,0,0,0
2,Order2,pick_end,11.406182575740566,2025-07-20 09:11:24.370955,Picking,0,0,0,0
2,Order2,pack_start,11.406182575740566,2025-07-20 09:11:24.370955,,0,0,0,0
2,Order2,pack_end,11.45997138310118,2025-07-20 09:11:27.598283,,0,0,0,0
2,Order2,ship_start,11.45997138310118,2025-07-20 09:11:27.598283,Shipping,0,0,0,0
3,Order3,verify_start,12.009097408717537,2025-07-20 09:12:00.545845,,0,0,0,0
3,Order3,verify_end,12.796426662959938,2025-07-20 09:12:47.785600,,0,0,0,0
3,Order3,pick_start,12.796426662959938,2025-07-20 09:12:47.785600,Picking,0,0,0,0
2,Order2,ship_end,13.676888074737985,2025-07-20 09:13:40.613284,Shipping,0,0,0,0
3,Order3,pick_end,16.355661488166987,2025-07-20 09:16:21.339689,Picking,0,0,0,1
3,Order3,pack_start,16.355661488166987,2025-07-20 09:16:21.339689,,0,0,0,1
4,Order4,verify_start,17.256557414830397,2025-07-20 09:17:15.393445,,0,0,0,1
5,Order5,verify_start,17.28915725760173,2025-07-20 09:17:17.349435,,0,0,0,1
5,Order5,verify_end,17.70505234410031,2025-07-20 09:17:42.303141,,0,0,0,1
5,Order5,pick_start,17.70505234410031,2025-07-20 09:17:42.303141,Picking,0,0,0,1
4,Order4,verify_end,18.895523276920947,2025-07-20 09:18:53.731397,,0,0,0,1
4,Order4,pick_start,18.895523276920947,2025-07-20 09:18:53.731397,Picking,0,0,0,1
3,Order3,pack_end,19.67113767661318,2025-07-20 09:19:40.268261,,0,0,0,1
3,Order3,ship_start,19.67113767661318,2025-07-20 09:19:40.268261,Shipping,0,0,0,1
4,Order4,pick_end,20.53699899644528,2025-07-20 09:20:32.219940,Picking,0,0,0,1
4,Order4,pack_start,20.53699899644528,2025-07-20 09:20:32.219940,,0,0,0,1
3,Order3,ship_end,20.644464190012755,2025-07-20 09:20:38.667851,Shipping,0,0,0,1
4,Order4,pack_end,20.740436366436544,2025-07-20 09:20:44.426182,,0,0,0,2
4,Order4,ship_start,20.740436366436544,2025-07-20 09:20:44.426182,Shipping,0,0,0,2
1,Order1,deliver_end,22.99929957606438,2025-07-20 09:22:59.957975,Delivery,0,0,0,2
1,Order1,delivered,22.99929957606438,2025-07-20 09:22:59.957975,,0,0,0,1
2,Order2,deliver_start,22.99929957606438,2025-07-20 09:22:59.957975,Delivery,0,0,0,1
6,Order6,verify_start,23.278106962469156,2025-07-20 09:23:16.686418,,0,0,0,1
6,Order6,verify_end,24.586447392915424,2025-07-20 09:24:35.186844,,0,0,0,1
6,Order6,pick_start,24.586447392915424,2025-07-20 09:24:35.186844,Picking,0,0,0,1
6,Order6,pick_end,27.6598970890361,2025-07-20 09:27:39.593825,Picking,0,0,0,1
6,Order6,pack_start,27.6598970890361,2025-07-20 09:27:39.593825,,0,0,0,1
5,Order5,pick_end,30.311142937853525,2025-07-20 09:30:18.668576,Picking,0,0,0,1
5,Order5,pack_start,30.311142937853525,2025-07-20 09:30:18.668576,,0,0,0,1
5,Order5,pack_end,31.262492303551493,2025-07-20 09:31:15.749538,,0,0,0,1
7,Order7,verify_start,31.506756659495448,2025-07-20 09:31:30.405400,,0,0,1,1
7,Order7,verify_end,33.27521764408095,2025-07-20 09:33:16.513059,,0,0,1,1
7,Order7,pick_start,33.27521764408095,2025-07-20 09:33:16.513059,Picking,0,0,1,1
6,Order6,pack_end,34.89232746041614,2025-07-20 09:34:53.539648,,0,0,1,1
8,Order8,verify_start,35.52202038692787,2025-07-20 09:35:31.321223,,0,0,2,1
8,Order8,verify_end,36.383236328276716,2025-07-20 09:36:22.994180,,0,0,2,1
8,Order8,pick_start,36.383236328276716,2025-07-20 09:36:22.994180,Picking,0,0,2,1
7,Order7,pick_end,37.130002464588344,2025-07-20 09:37:07.800148,Picking,0,0,2,1
7,Order7,pack_start,37.130002464588344,2025-07-20 09:37:07.800148,,0,0,2,1
7,Order7,pack_end,37.22381754510212,2025-07-20 09:37:13.429053,,0,0,2,1
4,Order4,ship_end,39.54597378276793,2025-07-20 09:39:32.758427,Shipping,0,0,3,1
5,Order5,ship_start,39.54597378276793,2025-07-20 09:39:32.758427,Shipping,0,0,2,2
8,Order8,pick_end,41.26055461726804,2025-07-20 09:41:15.633277,Picking,0,0,2,2
8,Order8,pack_start,41.26055461726804,2025-07-20 09:41:15.633277,,0,0,2,2
8,Order8,pack_end,41.426865662186025,2025-07-20 09:41:25.611940,,0,0,2,2
5,Order5,ship_end,42.962260354564734,2025-07-20 09:42:57.735621,Shipping,0,0,3,2
6,Order6,ship_start,42.962260354564734,2025-07-20 09:42:57.735621,Shipping,0,0,2,3
9,Order9,verify_start,45.413920063644944,2025-07-20 09:45:24.835204,,0,0,2,3
6,Order6,ship_end,45.61221911848476,2025-07-20 09:45:36.733147,Shipping,0,0,2,3
7,Order7,ship_start,45.61221911848476,2025-07-20 09:45:36.733147,Shipping,0,0,1,4
9,Order9,verify_end,45.73961364361324,2025-07-20 09:45:44.376819,,0,0,1,4
9,Order9,pick_start,45.73961364361324,2025-07-20 09:45:44.376819,Picking,0,0,1,4
10,Order10,verify_start,45.94628923620234,2025-07-20 09:45:56.777354,,0,0,1,4
10,Order10,verify_end,46.25686855734233,2025-07-20 09:46:15.412113,,0,0,1,4
10,Order10,pick_start,46.25686855734233,2025-07-20 09:46:15.412113,Picking,0,0,1,4
11,Order11,verify_start,47.12178181847105,2025-07-20 09:47:07.306909,,0,0,1,4
9,Order9,pick_end,47.58890464462302,2025-07-20 09:47:35.334279,Picking,0,0,1,4
9,Order9,pack_start,47.58890464462302,2025-07-20 09:47:35.334279,,0,0,1,4
9,Order9,pack_end,47.96430941534125,2025-07-20 09:47:57.858565,,0,0,1,4
11,Order11,verify_end,48.06116464646732,2025-07-20 09:48:03.669879,,0,0,2,4
11,Order11,pick_start,48.06116464646732,2025-07-20 09:48:03.669879,Picking,0,0,2,4
12,Order12,verify_start,52.34290499200043,2025-07-20 09:52:20.574300,,0,0,2,4
12,Order12,verify_end,52.820062858694776,2025-07-20 09:52:49.203772,,0,0,2,4
13,Order13,verify_start,53.234965996040145,2025-07-20 09:53:14.097960,,0,1,2,4
11,Order11,pick_end,53.28558247331685,2025-07-20 09:53:17.134948,Picking,0,1,2,4
11,Order11,pack_start,53.28558247331685,2025-07-20 09:53:17.134948,,0,0,2,4
12,Order12,pick_start,53.28558247331685,2025-07-20 09:53:17.134948,Picking,0,0,2,4
13,Order13,verify_end,54.256616576500384,2025-07-20 09:54:15.396995,,0,0,2,4
11,Order11,pack_end,54.913726613651775,2025-07-20 09:54:54.823597,,0,1,2,4
7,Order7,ship_end,55.709567873829585,2025-07-20 09:55:42.574072,Shipping,0,1,3,4
8,Order8,ship_start,55.709567873829585,2025-07-20 09:55:42.574072,Shipping,0,1,2,5
10,Order10,pick_end,57.29347973072444,2025-07-20 09:57:17.608784,Picking,0,1,2,5
10,Order10,pack_start,57.29347973072444,2025-07-20 09:57:17.608784,,0,0,2,5
13,Order13,pick_start,57.29347973072444,2025-07-20 09:57:17.608784,Picking,0,0,2,5
13,Order13,pick_end,57.423986750005,2025-07-20 09:57:25.439205,Picking,0,0,2,5
13,Order13,pack_start,57.423986750005,2025-07-20 09:57:25.439205,,0,0,2,5
10,Order10,pack_end,57.81373824574575,2025-07-20 09:57:48.824295,,0,0,2,5
12,Order12,pick_end,57.90141763065839,2025-07-20 09:57:54.085058,Picking,0,0,3,5
12,Order12,pack_start,57.90141763065839,2025-07-20 09:57:54.085058,,0,0,3,5
13,Order13,pack_end,58.181982837122334,2025-07-20 09:58:10.918970,,0,0,3,5
12,Order12,pack_end,58.52465929684521,2025-07-20 09:58:31.479558,,0,0,4,5
8,Order8,ship_end,70.67065619627297,2025-07-20 10:10:40.239372,Shipping,0,0,5,5
9,Order9,ship_start,70.67065619627297,2025-07-20 10:10:40.239372,Shipping,0,0,4,6
9,Order9,ship_end,73.04032833495945,2025-07-20 10:13:02.419700,Shipping,0,0,4,6
11,Order11,ship_start,73.04032833495945,2025-07-20 10:13:02.419700,Shipping,0,0,3,7
14,Order14,verify_start,76.02799783825046,2025-07-20 10:16:01.679870,,0,0,3,7
14,Order14,verify_end,76.40586414249232,2025-07-20 10:16:24.351849,,0,0,3,7
14,Order14,pick_start,76.40586414249232,2025-07-20 10:16:24.351849,Picking,0,0,3,7
2,Order2,deliver_end,78.53826759342527,2025-07-20 10:18:32.296056,Delivery,0,0,3,7
2,Order2,delivered,78.53826759342527,2025-07-20 10:18:32.296056,,0,0,3,6
3,Order3,deliver_start,78.53826759342527,2025-07-20 10:18:32.296056,Delivery,0,0,3,6
14,Order14,pick_end,80.66779680086425,2025-07-20 10:20:40.067808,Picking,0,0,3,6
14,Order14,pack_start,80.66779680086425,2025-07-20 10:20:40.067808,,0,0,3,6
14,Order14,pack_end,85.58738812717252,2025-07-20 10:25:35.243288,,0,0,3,6
15,Order15,verify_start,86.48021207080994,2025-07-20 10:26:28.812724,,0,0,4,6
15,Order15,verify_end,86.78793382509046,2025-07-20 10:26:47.276030,,0,0,4,6
15,Order15,pick_start,86.78793382509046,2025-07-20 10:26:47.276030,Picking,0,0,4,6
15,Order15,pick_end,87.92071580828122,2025-07-20 10:27:55.242948,Picking,0,0,4,6
15,Order15,pack_start,87.92071580828122,2025-07-20 10:27:55.242948,,0,0,4,6
16,Order16,verify_start,89.55052305917802,2025-07-20 10:29:33.031384,,0,0,4,6
15,Order15,pack_end,89.56890539250261,2025-07-20 10:29:34.134324,,0,0,4,6
16,Order16,verify_end,90.42900270129634,2025-07-20 10:30:25.740162,,0,0,5,6
16,Order16,pick_start,90.42900270129634,2025-07-20 10:30:25.740162,Picking,0,0,5,6
17,Order17,verify_start,91.07460730527397,2025-07-20 10:31:04.476438,,0,0,5,6
17,Order17,verify_end,91.3221982219244,2025-07-20 10:31:19.331893,,0,0,5,6
17,Order17,pick_start,91.3221982219244,2025-07-20 10:31:19.331893,Picking,0,0,5,6
18,Order18,verify_start,93.62374212773828,2025-07-20 10:33:37.424528,,0,0,5,6
18,Order18,verify_end,93.71905266093384,2025-07-20 10:33:43.143160,,0,0,5,6
19,Order19,verify_start,97.18566016412787,2025-07-20 10:37:11.139610,,0,1,5,6
19,Order19,verify_end,97.30179982251319,2025-07-20 10:37:18.107989,,0,1,5,6
20,Order20,verify_start,97.42697265215733,2025-07-20 10:37:25.618359,,0,2,5,6
20,Order20,verify_end,98.9975714836878,2025-07-20 10:38:59.854289,,0,2,5,6
16,Order16,pick_end,99.5531928464515,2025-07-20 10:39:33.191571,Picking,0,3,5,6
16,Order16,pack_start,99.5531928464515,2025-07-20 10:39:33.191571,,0,2,5,6
18,Order18,pick_start,99.5531928464515,2025-07-20 10:39:33.191571,Picking,0,2,5,6
18,Order18,pick_end,99.81573421573746,2025-07-20 10:39:48.944053,Picking,0,2,5,6
18,Order18,pack_start,99.81573421573746,2025-07-20 10:39:48.944053,,0,1,5,6
19,Order19,pick_start,99.81573421573746,2025-07-20 10:39:48.944053,Picking,0,1,5,6
16,Order16,pack_end,100.65010926201879,2025-07-20 10:40:39.006556,,0,1,5,6
18,Order18,pack_end,100.77703615563428,2025-07-20 10:40:46.622169,,0,1,6,6
11,Order11,ship_end,101.67154138749403,2025-07-20 10:41:40.292483,Shipping,0,1,7,6
10,Order10,ship_start,101.67154138749403,2025-07-20 10:41:40.292483,Shipping,0,1,6,7
21,Order21,verify_start,102.36383963798019,2025-07-20 10:42:21.830378,,0,1,6,7
21,Order21,verify_end,104.33553736241142,2025-07-20 10:44:20.132242,,0,1,6,7
3,Order3,deliver_end,108.75257747428073,2025-07-20 10:48:45.154648,Delivery,0,2,6,7
3,Order3,delivered,108.75257747428073,2025-07-20 10:48:45.154648,,0,2,6,6
4,Order4,deliver_start,108.75257747428073,2025-07-20 10:48:45.154648,Delivery,0,2,6,6
10,Order10,ship_end,109.2029412409987,2025-07-20 10:49:12.176474,Shipping,0,2,6,6
13,Order13,ship_start,109.2029412409987,2025-07-20 10:49:12.176474,Shipping,0,2,5,7
4,Order4,deliver_end,109.44542373699328,2025-07-20 10:49:26.725424,Delivery,0,2,5,7
4,Order4,delivered,109.44542373699328,2025-07-20 10:49:26.725424,,0,2,5,6
5,Order5,deliver_start,109.44542373699328,2025-07-20 10:49:26.725424,Delivery,0,2,5,6
17,Order17,pick_end,115.34868395231831,2025-07-20 10:55:20.921037,Picking,0,2,5,6
17,Order17,pack_start,115.34868395231831,2025-07-20 10:55:20.921037,,0,1,5,6
20,Order20,pick_start,115.34868395231831,2025-07-20 10:55:20.921037,Picking,0,1,5,6
20,Order20,pick_end,116.59016843147286,2025-07-20 10:56:35.410106,Picking,0,1,5,6
20,Order20,pack_start,116.59016843147286,2025-07-20 10:56:35.410106,,0,0,5,6
21,Order21,pick_start,116.59016843147286,2025-07-20 10:56:35.410106,Picking,0,0,5,6
17,Order17,pack_end,116.88861224383533,2025-07-20 10:56:53.316735,,0,0,5,6
21,Order21,pick_end,117.06328584786233,2025-07-20 10:57:03.797151,Picking,0,0,6,6
21,Order21,pack_start,117.06328584786233,2025-07-20 10:57:03.797151,,0,0,6,6
21,Order21,pack_end,118.20431414503135,2025-07-20 10:58:12.258849,,0,0,6,6
20,Order20,pack_end,118.6388214025006,2025-07-20 10:58:38.329284,,0,0,7,6
22,Order22,verify_start,120.07966855873468,2025-07-20 11:00:04.780114,,0,0,8,6
13,Order13,ship_end,121.95841054772912,2025-07-20 11:01:57.504633,Shipping,0,0,8,6
12,Order12,ship_start,121.95841054772912,2025-07-20 11:01:57.504633,Shipping,0,0,7,7
19,Order19,pick_end,122.02483789821063,2025-07-20 11:02:01.490274,Picking,0,0,7,7
19,Order19,pack_start,122.02483789821063,2025-07-20 11:02:01.490274,,0,0,7,7
19,Order19,pack_end,122.63622871921588,2025-07-20 11:02:38.173723,,0,0,7,7
23,Order23,verify_start,123.10282055305639,2025-07-20 11:03:06.169233,,0,0,8,7
22,Order22,verify_end,123.15478885060813,2025-07-20 11:03:09.287331,,0,0,8,7
22,Order22,pick_start,123.15478885060813,2025-07-20 11:03:09.287331,Picking,0,0,8,7
23,Order23,verify_end,123.29962879361398,2025-07-20 11:03:17.977728,,0,0,8,7
23,Order23,pick_start,123.29962879361398,2025-07-20 11:03:17.977728,Picking,0,0,8,7
24,Order24,verify_start,126.57442102433116,2025-07-20 11:06:34.465261,,0,0,8,7
24,Order24,verify_end,127.59315845134772,2025-07-20 11:07:35.589507,,0,0,8,7
25,Order25,verify_start,128.34669943343943,2025-07-20 11:08:20.801966,,0,1,8,7
25,Order25,verify_end,128.51256427018788,2025-07-20 11:08:30.753856,,0,1,8,7
23,Order23,pick_end,131.4765000118048,2025-07-20 11:11:28.590001,Picking,0,2,8,7
23,Order23,pack_start,131.4765000118048,2025-07-20 11:11:28.590001,,0,1,8,7
24,Order24,pick_start,131.4765000118048,2025-07-20 11:11:28.590001,Picking,0,1,8,7
22,Order22,pick_end,132.90510315074505,2025-07-20 11:12:54.306189,Picking,0,1,8,7
22,Order22,pack_start,132.90510315074505,2025-07-20 11:12:54.306189,,0,0,8,7
25,Order25,pick_start,132.90510315074505,2025-07-20 11:12:54.306189,Picking,0,0,8,7
26,Order26,verify_start,133.04155711503253,2025-07-20 11:13:02.493427,,0,0,8,7
27,Order27,verify_start,133.04441741364707,2025-07-20 11:13:02.665045,,0,0,8,7
28,Order28,verify_start,133.14276198099617,2025-07-20 11:13:08.565719,,0,0,8,7
26,Order26,verify_end,133.4333501981797,2025-07-20 11:13:26.001012,,0,0,8,7
23,Order23,pack_end,134.3517662728889,2025-07-20 11:14:21.105976,,0,1,8,7
24,Order24,pick_end,134.5772190730803,2025-07-20 11:14:34.633144,Picking,0,1,9,7
24,Order24,pack_start,134.5772190730803,2025-07-20 11:14:34.633144,,0,0,9,7
26,Order26,pick_start,134.5772190730803,2025-07-20 11:14:34.633144,Picking,0,0,9,7
26,Order26,pick_end,134.81590133896862,2025-07-20 11:14:48.954080,Picking,0,0,9,7
26,Order26,pack_start,134.81590133896862,2025-07-20 11:14:48.954080,,0,0,9,7
28,Order28,verify_end,134.92456436312366,2025-07-20 11:14:55.473862,,0,0,9,7
28,Order28,pick_start,134.92456436312366,2025-07-20 11:14:55.473862,Picking,0,0,9,7
24,Order24,pack_end,135.3121539507244,2025-07-20 11:15:18.729237,,0,0,9,7
27,Order27,verify_end,135.69088274256248,2025-07-20 11:15:41.452965,,0,0,10,7
22,Order22,pack_end,135.92091087515266,2025-07-20 11:15:55.254653,,0,1,10,7
25,Order25,pick_end,135.92820459704933,2025-07-20 11:15:55.692276,Picking,0,1,11,7
25,Order25,pack_start,135.92820459704933,2025-07-20 11:15:55.692276,,0,0,11,7
27,Order27,pick_start,135.92820459704933,2025-07-20 11:15:55.692276,Picking,0,0,11,7
25,Order25,pack_end,136.10729584525413,2025-07-20 11:16:06.437751,,0,0,11,7
27,Order27,pick_end,138.59025843641078,2025-07-20 11:18:35.415506,Picking,0,0,12,7
27,Order27,pack_start,138.59025843641078,2025-07-20 11:18:35.415506,,0,0,12,7
27,Order27,pack_end,138.73370702999873,2025-07-20 11:18:44.022422,,0,0,12,7
26,Order26,pack_end,139.02352717765822,2025-07-20 11:19:01.411631,,0,0,13,7
12,Order12,ship_end,142.82129506158623,2025-07-20 11:22:49.277704,Shipping,0,0,14,7
14,Order14,ship_start,142.82129506158623,2025-07-20 11:22:49.277704,Shipping,0,0,13,8
29,Order29,verify_start,143.6911061838888,2025-07-20 11:23:41.466371,,0,0,13,8
29,Order29,verify_end,143.82852106693855,2025-07-20 11:23:49.711264,,0,0,13,8
29,Order29,pick_start,143.82852106693855,2025-07-20 11:23:49.711264,Picking,0,0,13,8
29,Order29,pick_end,146.40810116348229,2025-07-20 11:26:24.486070,Picking,0,0,13,8
29,Order29,pack_start,146.40810116348229,2025-07-20 11:26:24.486070,,0,0,13,8
28,Order28,pick_end,146.67060419418598,2025-07-20 11:26:40.236252,Picking,0,0,13,8
28,Order28,pack_start,146.67060419418598,2025-07-20 11:26:40.236252,,0,0,13,8
28,Order28,pack_end,147.2865278520149,2025-07-20 11:27:17.191671,,0,0,13,8
29,Order29,pack_end,148.00424382855854,2025-07-20 11:28:00.254630,,0,0,14,8
30,Order30,verify_start,150.94974041772798,2025-07-20 11:30:56.984425,,0,0,15,8
30,Order30,verify_end,151.49989252325543,2025-07-20 11:31:29.993551,,0,0,15,8
30,Order30,pick_start,151.49989252325543,2025-07-20 11:31:29.993551,Picking,0,0,15,8
30,Order30,pick_end,152.45189707303112,2025-07-20 11:32:27.113824,Picking,0,0,15,8
30,Order30,pack_start,152.45189707303112,2025-07-20 11:32:27.113824,,0,0,15,8
30,Order30,pack_end,154.00189650771534,2025-07-20 11:34:00.113790,,0,0,15,8
14,Order14,ship_end,157.1175803657421,2025-07-20 11:37:07.054822,Shipping,0,0,16,8
15,Order15,ship_start,157.1175803657421,2025-07-20 11:37:07.054822,Shipping,0,0,15,9
31,Order31,verify_start,161.24530983911458,2025-07-20 11:41:14.718590,,0,0,15,9
31,Order31,verify_end,161.6188639978682,2025-07-20 11:41:37.131840,,0,0,15,9
31,Order31,pick_start,161.6188639978682,2025-07-20 11:41:37.131840,Picking,0,0,15,9
32,Order32,verify_start,162.36822692241503,2025-07-20 11:42:22.093615,,0,0,15,9
32,Order32,verify_end,162.94465845261968,2025-07-20 11:42:56.679507,,0,0,15,9
32,Order32,pick_start,162.94465845261968,2025-07-20 11:42:56.679507,Picking,0,0,15,9
32,Order32,pick_end,165.86038466882434,2025-07-20 11:45:51.623080,Picking,0,0,15,9
32,Order32,pack_start,165.86038466882434,2025-07-20 11:45:51.623080,,0,0,15,9
32,Order32,pack_end,166.11833497835406,2025-07-20 11:46:07.100099,,0,0,15,9
33,Order33,verify_start,167.615595814584,2025-07-20 11:47:36.935749,,0,0,16,9
33,Order33,verify_end,168.02821479393924,2025-07-20 11:48:01.692888,,0,0,16,9
33,Order33,pick_start,168.02821479393924,2025-07-20 11:48:01.692888,Picking,0,0,16,9
34,Order34,verify_start,168.88810477960595,2025-07-20 11:48:53.286287,,0,0,16,9
34,Order34,verify_end,169.1368448757628,2025-07-20 11:49:08.210693,,0,0,16,9
35,Order35,verify_start,170.1956736726494,2025-07-20 11:50:11.740420,,0,1,16,9
15,Order15,ship_end,170.2083608947463,2025-07-20 11:50:12.501654,Shipping,0,1,16,9
16,Order16,ship_start,170.2083608947463,2025-07-20 11:50:12.501654,Shipping,0,1,15,10
36,Order36,verify_start,170.56386916162202,2025-07-20 11:50:33.832150,,0,1,15,10
35,Order35,verify_end,171.19291136351563,2025-07-20 11:51:11.574682,,0,1,15,10
33,Order33,pick_end,171.5781409025569,2025-07-20 11:51:34.688454,Picking,0,2,15,10
33,Order33,pack_start,171.5781409025569,2025-07-20 11:51:34.688454,,0,1,15,10
34,Order34,pick_start,171.5781409025569,2025-07-20 11:51:34.688454,Picking,0,1,15,10
33,Order33,pack_end,171.72512690181634,2025-07-20 11:51:43.507614,,0,1,15,10
36,Order36,verify_end,172.52738111936418,2025-07-20 11:52:31.642867,,0,1,16,10
34,Order34,pick_end,172.66540012320914,2025-07-20 11:52:39.924007,Picking,0,2,16,10
34,Order34,pack_start,172.66540012320914,2025-07-20 11:52:39.924007,,0,1,16,10
35,Order35,pick_start,172.66540012320914,2025-07-20 11:52:39.924007,Picking,0,1,16,10
16,Order16,ship_end,172.80827490365448,2025-07-20 11:52:48.496494,Shipping,0,1,16,10
18,Order18,ship_start,172.80827490365448,2025-07-20 11:52:48.496494,Shipping,0,1,15,11
35,Order35,pick_end,173.62979937756572,2025-07-20 11:53:37.787963,Picking,0,1,15,11
35,Order35,pack_start,173.62979937756572,2025-07-20 11:53:37.787963,,0,0,15,11
36,Order36,pick_start,173.62979937756572,2025-07-20 11:53:37.787963,Picking,0,0,15,11
18,Order18,ship_end,174.22750391965826,2025-07-20 11:54:13.650235,Shipping,0,0,15,11
17,Order17,ship_start,174.22750391965826,2025-07-20 11:54:13.650235,Shipping,0,0,14,12
34,Order34,pack_end,174.8765396648131,2025-07-20 11:54:52.592380,,0,0,14,12
36,Order36,pick_end,177.01539464053096,2025-07-20 11:57:00.923678,Picking,0,0,15,12
36,Order36,pack_start,177.01539464053096,2025-07-20 11:57:00.923678,,0,0,15,12
5,Order5,deliver_end,178.13303502664442,2025-07-20 11:58:07.982102,Delivery,0,0,15,12
5,Order5,delivered,178.13303502664442,2025-07-20 11:58:07.982102,,0,0,15,11
6,Order6,deliver_start,178.13303502664442,2025-07-20 11:58:07.982102,Delivery,0,0,15,11
35,Order35,pack_end,179.1124211050723,2025-07-20 11:59:06.745266,,0,0,15,11
36,Order36,pack_end,180.08609203271476,2025-07-20 12:00:05.165522,,0,0,16,11
17,Order17,ship_end,180.62681078664863,2025-07-20 12:00:37.608647,Shipping,0,0,17,11
21,Order21,ship_start,180.62681078664863,2025-07-20 12:00:37.608647,Shipping,0,0,16,12
37,Order37,verify_start,182.35541605802695,2025-07-20 12:02:21.324963,,0,0,16,12
21,Order21,ship_end,182.73908305189124,2025-07-20 12:02:44.344983,Shipping,0,0,16,12
20,Order20,ship_start,182.73908305189124,2025-07-20 12:02:44.344983,Shipping,0,0,15,13
38,Order38,verify_start,182.86519661209365,2025-07-20 12:02:51.911797,,0,0,15,13
37,Order37,verify_end,182.9193808584337,2025-07-20 12:02:55.162852,,0,0,15,13
37,Order37,pick_start,182.9193808584337,2025-07-20 12:02:55.162852,Picking,0,0,15,13
31,Order31,pick_end,182.93343974023378,2025-07-20 12:02:56.006384,Picking,0,0,15,13
31,Order31,pack_start,182.93343974023378,2025-07-20 12:02:56.006384,,0,0,15,13
38,Order38,verify_end,184.17111299667758,2025-07-20 12:04:10.266780,,0,0,15,13
38,Order38,pick_start,184.17111299667758,2025-07-20 12:04:10.266780,Picking,0,0,15,13
38,Order38,pick_end,184.58552954887813,2025-07-20 12:04:35.131773,Picking,0,0,15,13
38,Order38,pack_start,184.58552954887813,2025-07-20 12:04:35.131773,,0,0,15,13
38,Order38,pack_end,185.61593754563447,2025-07-20 12:05:36.956253,,0,0,15,13
39,Order39,verify_start,186.0115972990037,2025-07-20 12:06:00.695838,,0,0,16,13
37,Order37,pick_end,187.39502307239283,2025-07-20 12:07:23.701384,Picking,0,0,16,13
37,Order37,pack_start,187.39502307239283,2025-07-20 12:07:23.701384,,0,0,16,13
37,Order37,pack_end,187.9668073135906,2025-07-20 12:07:58.008439,,0,0,16,13
39,Order39,verify_end,187.98972877878947,2025-07-20 12:07:59.383727,,0,0,17,13
39,Order39,pick_start,187.98972877878947,2025-07-20 12:07:59.383727,Picking,0,0,17,13
40,Order40,verify_start,188.0838940157028,2025-07-20 12:08:05.033641,,0,0,17,13
20,Order20,ship_end,188.24824633675865,2025-07-20 12:08:14.894780,Shipping,0,0,17,13
19,Order19,ship_start,188.24824633675865,2025-07-20 12:08:14.894780,Shipping,0,0,16,14
40,Order40,verify_end,188.6318706716032,2025-07-20 12:08:37.912240,,0,0,16,14
40,Order40,pick_start,188.6318706716032,2025-07-20 12:08:37.912240,Picking,0,0,16,14
39,Order39,pick_end,188.8336446837331,2025-07-20 12:08:50.018681,Picking,0,0,16,14
39,Order39,pack_start,188.8336446837331,2025-07-20 12:08:50.018681,,0,0,16,14
40,Order40,pick_end,189.781566816625,2025-07-20 12:09:46.894009,Picking,0,0,16,14
40,Order40,pack_start,189.781566816625,2025-07-20 12:09:46.894009,,0,0,16,14
40,Order40,pack_end,190.95241641143417,2025-07-20 12:10:57.144985,,0,0,16,14
41,Order41,verify_start,191.06049076858602,2025-07-20 12:11:03.629446,,0,0,17,14
31,Order31,pack_end,191.2245316344438,2025-07-20 12:11:13.471898,,0,0,17,14
19,Order19,ship_end,191.51310106972647,2025-07-20 12:11:30.786064,Shipping,0,0,18,14
23,Order23,ship_start,191.51310106972647,2025-07-20 12:11:30.786064,Shipping,0,0,17,15
41,Order41,verify_end,191.8597216427892,2025-07-20 12:11:51.583299,,0,0,17,15
41,Order41,pick_start,191.8597216427892,2025-07-20 12:11:51.583299,Picking,0,0,17,15
23,Order23,ship_end,192.03222887438798,2025-07-20 12:12:01.933732,Shipping,0,0,17,15
24,Order24,ship_start,192.03222887438798,2025-07-20 12:12:01.933732,Shipping,0,0,16,16
39,Order39,pack_end,193.96845500586994,2025-07-20 12:13:58.107300,,0,0,16,16
42,Order42,verify_start,200.93947101918923,2025-07-20 12:20:56.368261,,0,0,17,16
42,Order42,verify_end,203.54813277259458,2025-07-20 12:23:32.887966,,0,0,17,16
42,Order42,pick_start,203.54813277259458,2025-07-20 12:23:32.887966,Picking,0,0,17,16
24,Order24,ship_end,210.11279954451254,2025-07-20 12:30:06.767973,Shipping,0,0,17,16
22,Order22,ship_start,210.11279954451254,2025-07-20 12:30:06.767973,Shipping,0,0,16,17
42,Order42,pick_end,211.10198263533755,2025-07-20 12:31:06.118958,Picking,0,0,16,17
42,Order42,pack_start,211.10198263533755,2025-07-20 12:31:06.118958,,0,0,16,17
22,Order22,ship_end,211.93174934966504,2025-07-20 12:31:55.904961,Shipping,0,0,16,17
25,Order25,ship_start,211.93174934966504,2025-07-20 12:31:55.904961,Shipping,0,0,15,18
42,Order42,pack_end,212.43165075062282,2025-07-20 12:32:25.899045,,0,0,15,18
25,Order25,ship_end,214.33651970899103,2025-07-20 12:34:20.191183,Shipping,0,0,16,18
27,Order27,ship_start,214.33651970899103,2025-07-20 12:34:20.191183,Shipping,0,0,15,19
43,Order43,verify_start,218.30770776436245,2025-07-20 12:38:18.462466,,0,0,15,19
44,Order44,verify_start,218.60983153567108,2025-07-20 12:38:36.589892,,0,0,15,19
43,Order43,verify_end,218.78408867567632,2025-07-20 12:38:47.045321,,0,0,15,19
43,Order43,pick_start,218.78408867567632,2025-07-20 12:38:47.045321,Picking,0,0,15,19
44,Order44,verify_end,218.91799262323184,2025-07-20 12:38:55.079557,,0,0,15,19
27,Order27,ship_end,219.4621292038796,2025-07-20 12:39:27.727752,Shipping,0,1,15,19
26,Order26,ship_start,219.4621292038796,2025-07-20 12:39:27.727752,Shipping,0,1,14,20
41,Order41,pick_end,220.81849599168967,2025-07-20 12:40:49.109760,Picking,0,1,14,20
41,Order41,pack_start,220.81849599168967,2025-07-20 12:40:49.109760,,0,0,14,20
44,Order44,pick_start,220.81849599168967,2025-07-20 12:40:49.109760,Picking,0,0,14,20
41,Order41,pack_end,221.91834796477892,2025-07-20 12:41:55.100878,,0,0,14,20
43,Order43,pick_end,224.91530381808286,2025-07-20 12:44:54.918229,Picking,0,0,15,20
43,Order43,pack_start,224.91530381808286,2025-07-20 12:44:54.918229,,0,0,15,20
26,Order26,ship_end,225.5319775774057,2025-07-20 12:45:31.918655,Shipping,0,0,15,20
28,Order28,ship_start,225.5319775774057,2025-07-20 12:45:31.918655,Shipping,0,0,14,21
44,Order44,pick_end,233.43437430768267,2025-07-20 12:53:26.062458,Picking,0,0,14,21
44,Order44,pack_start,233.43437430768267,2025-07-20 12:53:26.062458,,0,0,14,21
28,Order28,ship_end,233.64606816246214,2025-07-20 12:53:38.764090,Shipping,0,0,14,21
29,Order29,ship_start,233.64606816246214,2025-07-20 12:53:38.764090,Shipping,0,0,13,22
29,Order29,ship_end,235.32785053310428,2025-07-20 12:55:19.671032,Shipping,0,0,13,22
30,Order30,ship_start,235.32785053310428,2025-07-20 12:55:19.671032,Shipping,0,0,12,23
43,Order43,pack_end,235.68859117573052,2025-07-20 12:55:41.315471,,0,0,12,23
44,Order44,pack_end,235.96896839135417,2025-07-20 12:55:58.138103,,0,0,13,23
30,Order30,ship_end,238.84767915863424,2025-07-20 12:58:50.860750,Shipping,0,0,14,23
32,Order32,ship_start,238.84767915863424,2025-07-20 12:58:50.860750,Shipping,0,0,13,24
45,Order45,verify_start,239.7123794552231,2025-07-20 12:59:42.742767,,0,0,13,24
45,Order45,verify_end,240.4936918448157,2025-07-20 13:00:29.621511,,0,0,13,24
45,Order45,pick_start,240.4936918448157,2025-07-20 13:00:29.621511,Picking,0,0,13,24
46,Order46,verify_start,244.04013336143126,2025-07-20 13:04:02.408002,,0,0,13,24
47,Order47,verify_start,244.33445473443805,2025-07-20 13:04:20.067284,,0,0,13,24
46,Order46,verify_end,244.9176303810612,2025-07-20 13:04:55.057823,,0,0,13,24
46,Order46,pick_start,244.9176303810612,2025-07-20 13:04:55.057823,Picking,0,0,13,24
46,Order46,pick_end,245.60283746826227,2025-07-20 13:05:36.170248,Picking,0,0,13,24
46,Order46,pack_start,245.60283746826227,2025-07-20 13:05:36.170248,,0,0,13,24
45,Order45,pick_end,246.00660869901753,2025-07-20 13:06:00.396522,Picking,0,0,13,24
45,Order45,pack_start,246.00660869901753,2025-07-20 13:06:00.396522,,0,0,13,24
45,Order45,pack_end,246.17361424731646,2025-07-20 13:06:10.416855,,0,0,13,24
47,Order47,verify_end,246.24987374352636,2025-07-20 13:06:14.992425,,0,0,14,24
47,Order47,pick_start,246.24987374352636,2025-07-20 13:06:14.992425,Picking,0,0,14,24
47,Order47,pick_end,247.0721933453113,2025-07-20 13:07:04.331601,Picking,0,0,14,24
47,Order47,pack_start,247.0721933453113,2025-07-20 13:07:04.331601,,0,0,14,24
48,Order48,verify_start,247.8287760233665,2025-07-20 13:07:49.726561,,0,0,14,24
48,Order48,verify_end,248.09692203346034,2025-07-20 13:08:05.815322,,0,0,14,24
48,Order48,pick_start,248.09692203346034,2025-07-20 13:08:05.815322,Picking,0,0,14,24
48,Order48,pick_end,248.6077401615511,2025-07-20 13:08:36.464410,Picking,0,0,14,24
48,Order48,pack_start,248.6077401615511,2025-07-20 13:08:36.464410,,0,0,14,24
47,Order47,pack_end,248.8801031417621,2025-07-20 13:08:52.806189,,0,0,14,24
46,Order46,pack_end,252.079918458621,2025-07-20 13:12:04.795108,,0,0,15,24
48,Order48,pack_end,253.02752071536116,2025-07-20 13:13:01.651243,,0,0,16,24
49,Order49,verify_start,253.45169763186874,2025-07-20 13:13:27.101858,,0,0,17,24
49,Order49,verify_end,254.35437927277212,2025-07-20 13:14:21.262756,,0,0,17,24
49,Order49,pick_start,254.35437927277212,2025-07-20 13:14:21.262756,Picking,0,0,17,24
50,Order50,verify_start,254.86494042644068,2025-07-20 13:14:51.896426,,0,0,17,24
50,Order50,verify_end,255.74122298915958,2025-07-20 13:15:44.473379,,0,0,17,24
50,Order50,pick_start,255.74122298915958,2025-07-20 13:15:44.473379,Picking,0,0,17,24
51,Order51,verify_start,257.58189899992703,2025-07-20 13:17:34.913940,,0,0,17,24
51,Order51,verify_end,257.8103807735094,2025-07-20 13:17:48.622846,,0,0,17,24
49,Order49,pick_end,258.2182102527123,2025-07-20 13:18:13.092615,Picking,0,1,17,24
49,Order49,pack_start,258.2182102527123,2025-07-20 13:18:13.092615,,0,0,17,24
51,Order51,pick_start,258.2182102527123,2025-07-20 13:18:13.092615,Picking,0,0,17,24
50,Order50,pick_end,258.70035646443597,2025-07-20 13:18:42.021388,Picking,0,0,17,24
50,Order50,pack_start,258.70035646443597,2025-07-20 13:18:42.021388,,0,0,17,24
51,Order51,pick_end,259.3090475687217,2025-07-20 13:19:18.542854,Picking,0,0,17,24
51,Order51,pack_start,259.3090475687217,2025-07-20 13:19:18.542854,,0,0,17,24
50,Order50,pack_end,259.70800963562726,2025-07-20 13:19:42.480578,,0,0,17,24
49,Order49,pack_end,260.7371235004485,2025-07-20 13:20:44.227410,,0,0,18,24
51,Order51,pack_end,261.5366429169371,2025-07-20 13:21:32.198575,,0,0,19,24
52,Order52,verify_start,271.2261943892518,2025-07-20 13:31:13.571663,,0,0,20,24
52,Order52,verify_end,271.6062508430499,2025-07-20 13:31:36.375051,,0,0,20,24
52,Order52,pick_start,271.6062508430499,2025-07-20 13:31:36.375051,Picking,0,0,20,24
53,Order53,verify_start,273.0095482504087,2025-07-20 13:33:00.572895,,0,0,20,24
54,Order54,verify_start,273.3860931014574,2025-07-20 13:33:23.165586,,0,0,20,24
32,Order32,ship_end,273.49204342361406,2025-07-20 13:33:29.522605,Shipping,0,0,20,24
33,Order33,ship_start,273.49204342361406,2025-07-20 13:33:29.522605,Shipping,0,0,19,25
53,Order53,verify_end,273.6225644612554,2025-07-20 13:33:37.353868,,0,0,19,25
53,Order53,pick_start,273.6225644612554,2025-07-20 13:33:37.353868,Picking,0,0,19,25
33,Order33,ship_end,274.2528734787126,2025-07-20 13:34:15.172409,Shipping,0,0,19,25
34,Order34,ship_start,274.2528734787126,2025-07-20 13:34:15.172409,Shipping,0,0,18,26
53,Order53,pick_end,274.58145696672926,2025-07-20 13:34:34.887418,Picking,0,0,18,26
53,Order53,pack_start,274.58145696672926,2025-07-20 13:34:34.887418,,0,0,18,26
6,Order6,deliver_end,276.9916467881531,2025-07-20 13:36:59.498807,Delivery,0,0,18,26
6,Order6,delivered,276.9916467881531,2025-07-20 13:36:59.498807,,0,0,18,25
7,Order7,deliver_start,276.9916467881531,2025-07-20 13:36:59.498807,Delivery,0,0,18,25
52,Order52,pick_end,277.1813719649911,2025-07-20 13:37:10.882318,Picking,0,0,18,25
52,Order52,pack_start,277.1813719649911,2025-07-20 13:37:10.882318,,0,0,18,25
34,Order34,ship_end,277.33444837952436,2025-07-20 13:37:20.066903,Shipping,0,0,18,25
35,Order35,ship_start,277.33444837952436,2025-07-20 13:37:20.066903,Shipping,0,0,17,26
52,Order52,pack_end,278.1039421417912,2025-07-20 13:38:06.236529,,0,0,17,26
54,Order54,verify_end,278.9319614354503,2025-07-20 13:38:55.917686,,0,0,18,26
54,Order54,pick_start,278.9319614354503,2025-07-20 13:38:55.917686,Picking,0,0,18,26
35,Order35,ship_end,279.0511947372561,2025-07-20 13:39:03.071684,Shipping,0,0,18,26
36,Order36,ship_start,279.0511947372561,2025-07-20 13:39:03.071684,Shipping,0,0,17,27
53,Order53,pack_end,279.99533993844886,2025-07-20 13:39:59.720396,,0,0,17,27
54,Order54,pick_end,286.10889044295203,2025-07-20 13:46:06.533427,Picking,0,0,18,27
54,Order54,pack_start,286.10889044295203,2025-07-20 13:46:06.533427,,0,0,18,27
54,Order54,pack_end,288.0007300096069,2025-07-20 13:48:00.043801,,0,0,18,27
36,Order36,ship_end,291.2096219793155,2025-07-20 13:51:12.577319,Shipping,0,0,19,27
38,Order38,ship_start,291.2096219793155,2025-07-20 13:51:12.577319,Shipping,0,0,18,28
55,Order55,verify_start,305.74794073943235,2025-07-20 14:05:44.876444,,0,0,18,28
55,Order55,verify_end,305.75579460762356,2025-07-20 14:05:45.347676,,0,0,18,28
55,Order55,pick_start,305.75579460762356,2025-07-20 14:05:45.347676,Picking,0,0,18,28
56,Order56,verify_start,311.0541810411523,2025-07-20 14:11:03.250862,,0,0,18,28
56,Order56,verify_end,312.14300751239807,2025-07-20 14:12:08.580451,,0,0,18,28
56,Order56,pick_start,312.14300751239807,2025-07-20 14:12:08.580451,Picking,0,0,18,28
55,Order55,pick_end,312.5511479374423,2025-07-20 14:12:33.068876,Picking,0,0,18,28
55,Order55,pack_start,312.5511479374423,2025-07-20 14:12:33.068876,,0,0,18,28
57,Order57,verify_start,312.83312024452243,2025-07-20 14:12:49.987215,,0,0,18,28
55,Order55,pack_end,312.8395611109256,2025-07-20 14:12:50.373667,,0,0,18,28
57,Order57,verify_end,312.94632923202806,2025-07-20 14:12:56.779754,,0,0,19,28
57,Order57,pick_start,312.94632923202806,2025-07-20 14:12:56.779754,Picking,0,0,19,28
58,Order58,verify_start,313.4463808679014,2025-07-20 14:13:26.782852,,0,0,19,28
58,Order58,verify_end,314.37481965711265,2025-07-20 14:14:22.489179,,0,0,19,28
59,Order59,verify_start,315.0360441620671,2025-07-20 14:15:02.162650,,0,1,19,28
59,Order59,verify_end,315.26369449408776,2025-07-20 14:15:15.821670,,0,1,19,28
57,Order57,pick_end,316.1691177310142,2025-07-20 14:16:10.147064,Picking,0,2,19,28
57,Order57,pack_start,316.1691177310142,2025-07-20 14:16:10.147064,,0,1,19,28
58,Order58,pick_start,316.1691177310142,2025-07-20 14:16:10.147064,Picking,0,1,19,28
58,Order58,pick_end,317.395130881845,2025-07-20 14:17:23.707853,Picking,0,1,19,28
58,Order58,pack_start,317.395130881845,2025-07-20 14:17:23.707853,,0,0,19,28
59,Order59,pick_start,317.395130881845,2025-07-20 14:17:23.707853,Picking,0,0,19,28
57,Order57,pack_end,318.1806623668446,2025-07-20 14:18:10.839742,,0,0,19,28
58,Order58,pack_end,318.7360708169874,2025-07-20 14:18:44.164249,,0,0,20,28
60,Order60,verify_start,321.35841381149174,2025-07-20 14:21:21.504829,,0,0,21,28
60,Order60,verify_end,321.4552534748439,2025-07-20 14:21:27.315208,,0,0,21,28
56,Order56,pick_end,323.3259458966063,2025-07-20 14:23:19.556754,Picking,0,1,21,28
56,Order56,pack_start,323.3259458966063,2025-07-20 14:23:19.556754,,0,0,21,28
60,Order60,pick_start,323.3259458966063,2025-07-20 14:23:19.556754,Picking,0,0,21,28
56,Order56,pack_end,324.4277686634221,2025-07-20 14:24:25.666120,,0,0,21,28
60,Order60,pick_end,324.621561353047,2025-07-20 14:24:37.293681,Picking,0,0,22,28
60,Order60,pack_start,324.621561353047,2025-07-20 14:24:37.293681,,0,0,22,28
60,Order60,pack_end,324.6286653329303,2025-07-20 14:24:37.719920,,0,0,22,28
59,Order59,pick_end,326.8248376279134,2025-07-20 14:26:49.490258,Picking,0,0,23,28
59,Order59,pack_start,326.8248376279134,2025-07-20 14:26:49.490258,,0,0,23,28
59,Order59,pack_end,329.7739456989929,2025-07-20 14:29:46.436742,,0,0,23,28
61,Order61,verify_start,330.7157956434925,2025-07-20 14:30:42.947739,,0,0,24,28
61,Order61,verify_end,331.0195464797039,2025-07-20 14:31:01.172789,,0,0,24,28
61,Order61,pick_start,331.0195464797039,2025-07-20 14:31:01.172789,Picking,0,0,24,28
38,Order38,ship_end,334.818587441487,2025-07-20 14:34:49.115246,Shipping,0,0,24,28
37,Order37,ship_start,334.818587441487,2025-07-20 14:34:49.115246,Shipping,0,0,23,29
62,Order62,verify_start,335.78411978182925,2025-07-20 14:35:47.047187,,0,0,23,29
62,Order62,verify_end,335.7938365365679,2025-07-20 14:35:47.630192,,0,0,23,29
62,Order62,pick_start,335.7938365365679,2025-07-20 14:35:47.630192,Picking,0,0,23,29
62,Order62,pick_end,336.1067373715241,2025-07-20 14:36:06.404242,Picking,0,0,23,29
62,Order62,pack_start,336.1067373715241,2025-07-20 14:36:06.404242,,0,0,23,29
61,Order61,pick_end,336.42682309155146,2025-07-20 14:36:25.609385,Picking,0,0,23,29
61,Order61,pack_start,336.42682309155146,2025-07-20 14:36:25.609385,,0,0,23,29
63,Order63,verify_start,338.57446524633576,2025-07-20 14:38:34.467915,,0,0,23,29
63,Order63,verify_end,340.3738236336654,2025-07-20 14:40:22.429418,,0,0,23,29
63,Order63,pick_start,340.3738236336654,2025-07-20 14:40:22.429418,Picking,0,0,23,29
62,Order62,pack_end,340.39971957619315,2025-07-20 14:40:23.983175,,0,0,23,29
61,Order61,pack_end,341.1121497274082,2025-07-20 14:41:06.728984,,0,0,24,29
64,Order64,verify_start,342.5182454524213,2025-07-20 14:42:31.094727,,0,0,25,29
37,Order37,ship_end,342.84107699325943,2025-07-20 14:42:50.464620,Shipping,0,0,25,29
40,Order40,ship_start,342.84107699325943,2025-07-20 14:42:50.464620,Shipping,0,0,24,30
64,Order64,verify_end,342.8867881835431,2025-07-20 14:42:53.207291,,0,0,24,30
64,Order64,pick_start,342.8867881835431,2025-07-20 14:42:53.207291,Picking,0,0,24,30
65,Order65,verify_start,343.1998963762787,2025-07-20 14:43:11.993783,,0,0,24,30
63,Order63,pick_end,343.8677982284724,2025-07-20 14:43:52.067894,Picking,0,0,24,30
63,Order63,pack_start,343.8677982284724,2025-07-20 14:43:52.067894,,0,0,24,30
63,Order63,pack_end,344.3394366728504,2025-07-20 14:44:20.366200,,0,0,24,30
65,Order65,verify_end,345.491785243663,2025-07-20 14:45:29.507115,,0,0,25,30
65,Order65,pick_start,345.491785243663,2025-07-20 14:45:29.507115,Picking,0,0,25,30
65,Order65,pick_end,345.9256627125136,2025-07-20 14:45:55.539763,Picking,0,0,25,30
65,Order65,pack_start,345.9256627125136,2025-07-20 14:45:55.539763,,0,0,25,30
65,Order65,pack_end,348.9549752013345,2025-07-20 14:48:57.298512,,0,0,25,30
64,Order64,pick_end,349.24772817832337,2025-07-20 14:49:14.863691,Picking,0,0,26,30
64,Order64,pack_start,349.24772817832337,2025-07-20 14:49:14.863691,,0,0,26,30
66,Order66,verify_start,353.05561604582596,2025-07-20 14:53:03.336963,,0,0,26,30
64,Order64,pack_end,353.5583821423607,2025-07-20 14:53:33.502929,,0,0,26,30
66,Order66,verify_end,354.02494240525505,2025-07-20 14:54:01.496544,,0,0,27,30
66,Order66,pick_start,354.02494240525505,2025-07-20 14:54:01.496544,Picking,0,0,27,30
66,Order66,pick_end,354.69650319562186,2025-07-20 14:54:41.790192,Picking,0,0,27,30
66,Order66,pack_start,354.69650319562186,2025-07-20 14:54:41.790192,,0,0,27,30
67,Order67,verify_start,355.6631735355705,2025-07-20 14:55:39.790412,,0,0,27,30
67,Order67,verify_end,359.4014967505021,2025-07-20 14:59:24.089805,,0,0,27,30
67,Order67,pick_start,359.4014967505021,2025-07-20 14:59:24.089805,Picking,0,0,27,30
66,Order66,pack_end,360.011626603846,2025-07-20 15:00:00.697596,,0,0,27,30
68,Order68,verify_start,365.6609934803719,2025-07-20 15:05:39.659609,,0,0,28,30
68,Order68,verify_end,365.68609219635675,2025-07-20 15:05:41.165532,,0,0,28,30
68,Order68,pick_start,365.68609219635675,2025-07-20 15:05:41.165532,Picking,0,0,28,30
40,Order40,ship_end,365.7655919848417,2025-07-20 15:05:45.935519,Shipping,0,0,28,30
31,Order31,ship_start,365.7655919848417,2025-07-20 15:05:45.935519,Shipping,0,0,27,31
67,Order67,pick_end,366.0607013975435,2025-07-20 15:06:03.642084,Picking,0,0,27,31
67,Order67,pack_start,366.0607013975435,2025-07-20 15:06:03.642084,,0,0,27,31
31,Order31,ship_end,369.8030398910701,2025-07-20 15:09:48.182393,Shipping,0,0,27,31
39,Order39,ship_start,369.8030398910701,2025-07-20 15:09:48.182393,Shipping,0,0,26,32
68,Order68,pick_end,371.02187865847986,2025-07-20 15:11:01.312720,Picking,0,0,26,32
68,Order68,pack_start,371.02187865847986,2025-07-20 15:11:01.312720,,0,0,26,32
67,Order67,pack_end,371.4026694173143,2025-07-20 15:11:24.160165,,0,0,26,32
68,Order68,pack_end,375.01302126044544,2025-07-20 15:15:00.781276,,0,0,27,32
69,Order69,verify_start,376.3216706536985,2025-07-20 15:16:19.300239,,0,0,28,32
69,Order69,verify_end,376.6320152039719,2025-07-20 15:16:37.920912,,0,0,28,32
69,Order69,pick_start,376.6320152039719,2025-07-20 15:16:37.920912,Picking,0,0,28,32
69,Order69,pick_end,382.8249068826761,2025-07-20 15:22:49.494413,Picking,0,0,28,32
69,Order69,pack_start,382.8249068826761,2025-07-20 15:22:49.494413,,0,0,28,32
70,Order70,verify_start,384.6450845308952,2025-07-20 15:24:38.705072,,0,0,28,32
71,Order71,verify_start,385.9030164699815,2025-07-20 15:25:54.180988,,0,0,28,32
39,Order39,ship_end,386.00980513504703,2025-07-20 15:26:00.588308,Shipping,0,0,28,32
42,Order42,ship_start,386.00980513504703,2025-07-20 15:26:00.588308,Shipping,0,0,27,33
71,Order71,verify_end,386.2671345703805,2025-07-20 15:26:16.028074,,0,0,27,33
71,Order71,pick_start,386.2671345703805,2025-07-20 15:26:16.028074,Picking,0,0,27,33
70,Order70,verify_end,386.34109721889917,2025-07-20 15:26:20.465833,,0,0,27,33
70,Order70,pick_start,386.34109721889917,2025-07-20 15:26:20.465833,Picking,0,0,27,33
70,Order70,pick_end,386.4368929579243,2025-07-20 15:26:26.213577,Picking,0,0,27,33
70,Order70,pack_start,386.4368929579243,2025-07-20 15:26:26.213577,,0,0,27,33
69,Order69,pack_end,386.73713648108213,2025-07-20 15:26:44.228189,,0,0,27,33
70,Order70,pack_end,386.86607786154354,2025-07-20 15:26:51.964672,,0,0,28,33
71,Order71,pick_end,387.30012211496137,2025-07-20 15:27:18.007327,Picking,0,0,29,33
71,Order71,pack_start,387.30012211496137,2025-07-20 15:27:18.007327,,0,0,29,33
71,Order71,pack_end,388.09589576052923,2025-07-20 15:28:05.753746,,0,0,29,33
72,Order72,verify_start,388.98675568423846,2025-07-20 15:28:59.205341,,0,0,30,33
72,Order72,verify_end,392.3946485521774,2025-07-20 15:32:23.678913,,0,0,30,33
72,Order72,pick_start,392.3946485521774,2025-07-20 15:32:23.678913,Picking,0,0,30,33
72,Order72,pick_end,393.70380661997865,2025-07-20 15:33:42.228397,Picking,0,0,30,33
72,Order72,pack_start,393.70380661997865,2025-07-20 15:33:42.228397,,0,0,30,33
72,Order72,pack_end,395.75535798379224,2025-07-20 15:35:45.321479,,0,0,30,33
73,Order73,verify_start,398.9752503267572,2025-07-20 15:38:58.515020,,0,0,31,33
74,Order74,verify_start,401.5266990333076,2025-07-20 15:41:31.601942,,0,0,31,33
42,Order42,ship_end,401.8741259688952,2025-07-20 15:41:52.447558,Shipping,0,0,31,33
41,Order41,ship_start,401.8741259688952,2025-07-20 15:41:52.447558,Shipping,0,0,30,34
73,Order73,verify_end,402.94647609772625,2025-07-20 15:42:56.788566,,0,0,30,34
73,Order73,pick_start,402.94647609772625,2025-07-20 15:42:56.788566,Picking,0,0,30,34
41,Order41,ship_end,403.0996646572691,2025-07-20 15:43:05.979879,Shipping,0,0,30,34
43,Order43,ship_start,403.0996646572691,2025-07-20 15:43:05.979879,Shipping,0,0,29,35
7,Order7,deliver_end,403.8436851957185,2025-07-20 15:43:50.621112,Delivery,0,0,29,35
7,Order7,delivered,403.8436851957185,2025-07-20 15:43:50.621112,,0,0,29,34
8,Order8,deliver_start,403.8436851957185,2025-07-20 15:43:50.621112,Delivery,0,0,29,34
74,Order74,verify_end,404.3274755705728,2025-07-20 15:44:19.648534,,0,0,29,34
74,Order74,pick_start,404.3274755705728,2025-07-20 15:44:19.648534,Picking,0,0,29,34
43,Order43,ship_end,405.06672362279545,2025-07-20 15:45:04.003417,Shipping,0,0,29,34
44,Order44,ship_start,405.06672362279545,2025-07-20 15:45:04.003417,Shipping,0,0,28,35
75,Order75,verify_start,405.36837791111367,2025-07-20 15:45:22.102675,,0,0,28,35
74,Order74,pick_end,405.5615535225245,2025-07-20 15:45:33.693211,Picking,0,0,28,35
74,Order74,pack_start,405.5615535225245,2025-07-20 15:45:33.693211,,0,0,28,35
44,Order44,ship_end,406.21412896657046,2025-07-20 15:46:12.847738,Shipping,0,0,28,35
45,Order45,ship_start,406.21412896657046,2025-07-20 15:46:12.847738,Shipping,0,0,27,36
74,Order74,pack_end,406.3143682712903,2025-07-20 15:46:18.862096,,0,0,27,36
75,Order75,verify_end,406.67233703375115,2025-07-20 15:46:40.340222,,0,0,28,36
75,Order75,pick_start,406.67233703375115,2025-07-20 15:46:40.340222,Picking,0,0,28,36
76,Order76,verify_start,408.21916659622946,2025-07-20 15:48:13.149996,,0,0,28,36
76,Order76,verify_end,409.07857627764787,2025-07-20 15:49:04.714577,,0,0,28,36
75,Order75,pick_end,409.53737030041583,2025-07-20 15:49:32.242218,Picking,0,1,28,36
75,Order75,pack_start,409.53737030041583,2025-07-20 15:49:32.242218,,0,0,28,36
76,Order76,pick_start,409.53737030041583,2025-07-20 15:49:32.242218,Picking,0,0,28,36
75,Order75,pack_end,410.1253676103606,2025-07-20 15:50:07.522057,,0,0,28,36
77,Order77,verify_start,410.6514207935994,2025-07-20 15:50:39.085248,,0,0,29,36
78,Order78,verify_start,410.6598843438208,2025-07-20 15:50:39.593061,,0,0,29,36
78,Order78,verify_end,411.9308163715586,2025-07-20 15:51:55.848982,,0,0,29,36
77,Order77,verify_end,413.249386389385,2025-07-20 15:53:14.963183,,0,1,29,36
76,Order76,pick_end,414.4721480110269,2025-07-20 15:54:28.328881,Picking,0,2,29,36
76,Order76,pack_start,414.4721480110269,2025-07-20 15:54:28.328881,,0,1,29,36
78,Order78,pick_start,414.4721480110269,2025-07-20 15:54:28.328881,Picking,0,1,29,36
79,Order79,verify_start,414.52573042122856,2025-07-20 15:54:31.543825,,0,1,29,36
79,Order79,verify_end,414.59827295438066,2025-07-20 15:54:35.896377,,0,1,29,36
45,Order45,ship_end,415.53347491419083,2025-07-20 15:55:32.008495,Shipping,0,2,29,36
47,Order47,ship_start,415.53347491419083,2025-07-20 15:55:32.008495,Shipping,0,2,28,37
80,Order80,verify_start,416.7902554330184,2025-07-20 15:56:47.415326,,0,2,28,37
73,Order73,pick_end,417.02648233975833,2025-07-20 15:57:01.588940,Picking,0,2,28,37
73,Order73,pack_start,417.02648233975833,2025-07-20 15:57:01.588940,,0,1,28,37
77,Order77,pick_start,417.02648233975833,2025-07-20 15:57:01.588940,Picking,0,1,28,37
80,Order80,verify_end,417.1670101254472,2025-07-20 15:57:10.020608,,0,1,28,37
76,Order76,pack_end,417.18135244309167,2025-07-20 15:57:10.881147,,0,2,28,37
81,Order81,verify_start,418.7941362951835,2025-07-20 15:58:47.648178,,0,2,29,37
78,Order78,pick_end,418.91442400857846,2025-07-20 15:58:54.865441,Picking,0,2,29,37
78,Order78,pack_start,418.91442400857846,2025-07-20 15:58:54.865441,,0,1,29,37
79,Order79,pick_start,418.91442400857846,2025-07-20 15:58:54.865441,Picking,0,1,29,37
81,Order81,verify_end,419.1641637921621,2025-07-20 15:59:09.849828,,0,1,29,37
78,Order78,pack_end,419.9642491314473,2025-07-20 15:59:57.854948,,0,2,29,37
82,Order82,verify_start,420.5798134607162,2025-07-20 16:00:34.788808,,0,2,30,37
82,Order82,verify_end,420.7159629049452,2025-07-20 16:00:42.957774,,0,2,30,37
73,Order73,pack_end,420.7944329122716,2025-07-20 16:00:47.665975,,0,3,30,37
79,Order79,pick_end,420.97376117998124,2025-07-20 16:00:58.425671,Picking,0,3,31,37
79,Order79,pack_start,420.97376117998124,2025-07-20 16:00:58.425671,,0,2,31,37
80,Order80,pick_start,420.97376117998124,2025-07-20 16:00:58.425671,Picking,0,2,31,37
79,Order79,pack_end,422.06475520533746,2025-07-20 16:02:03.885312,,0,2,31,37
77,Order77,pick_end,422.1148360542132,2025-07-20 16:02:06.890163,Picking,0,2,32,37
77,Order77,pack_start,422.1148360542132,2025-07-20 16:02:06.890163,,0,1,32,37
81,Order81,pick_start,422.1148360542132,2025-07-20 16:02:06.890163,Picking,0,1,32,37
83,Order83,verify_start,422.3322498286291,2025-07-20 16:02:19.934990,,0,1,32,37
83,Order83,verify_end,422.6902826577418,2025-07-20 16:02:41.416959,,0,1,32,37
77,Order77,pack_end,424.3770116366939,2025-07-20 16:04:22.620698,,0,2,32,37
47,Order47,ship_end,426.44699256329585,2025-07-20 16:06:26.819554,Shipping,0,2,33,37
46,Order46,ship_start,426.44699256329585,2025-07-20 16:06:26.819554,Shipping,0,2,32,38
46,Order46,ship_end,426.45105278442696,2025-07-20 16:06:27.063167,Shipping,0,2,32,38
48,Order48,ship_start,426.45105278442696,2025-07-20 16:06:27.063167,Shipping,0,2,31,39
84,Order84,verify_start,427.1115012481312,2025-07-20 16:07:06.690075,,0,2,31,39
84,Order84,verify_end,427.97896558124404,2025-07-20 16:07:58.737935,,0,2,31,39
48,Order48,ship_end,429.8325813012309,2025-07-20 16:09:49.954878,Shipping,0,3,31,39
50,Order50,ship_start,429.8325813012309,2025-07-20 16:09:49.954878,Shipping,0,3,30,40
85,Order85,verify_start,429.9211147947099,2025-07-20 16:09:55.266888,,0,3,30,40
85,Order85,verify_end,430.5047975310074,2025-07-20 16:10:30.287852,,0,3,30,40
81,Order81,pick_end,431.43900255023476,2025-07-20 16:11:26.340153,Picking,0,4,30,40
81,Order81,pack_start,431.43900255023476,2025-07-20 16:11:26.340153,,0,3,30,40
82,Order82,pick_start,431.43900255023476,2025-07-20 16:11:26.340153,Picking,0,3,30,40
81,Order81,pack_end,431.9198398737049,2025-07-20 16:11:55.190392,,0,3,30,40
80,Order80,pick_end,432.25172253640085,2025-07-20 16:12:15.103352,Picking,0,3,31,40
80,Order80,pack_start,432.25172253640085,2025-07-20 16:12:15.103352,,0,2,31,40
83,Order83,pick_start,432.25172253640085,2025-07-20 16:12:15.103352,Picking,0,2,31,40
86,Order86,verify_start,433.0484470848355,2025-07-20 16:13:02.906825,,0,2,31,40
86,Order86,verify_end,433.13705486637394,2025-07-20 16:13:08.223292,,0,2,31,40
87,Order87,verify_start,433.97823626226955,2025-07-20 16:13:58.694176,,0,3,31,40
82,Order82,pick_end,434.00263489747226,2025-07-20 16:14:00.158094,Picking,0,3,31,40
82,Order82,pack_start,434.00263489747226,2025-07-20 16:14:00.158094,,0,2,31,40
84,Order84,pick_start,434.00263489747226,2025-07-20 16:14:00.158094,Picking,0,2,31,40
82,Order82,pack_end,434.819137635964,2025-07-20 16:14:49.148258,,0,2,31,40
87,Order87,verify_end,434.98046855022983,2025-07-20 16:14:58.828113,,0,2,32,40
80,Order80,pack_end,436.88064978138755,2025-07-20 16:16:52.838987,,0,3,32,40
88,Order88,verify_start,437.6009302713392,2025-07-20 16:17:36.055816,,0,3,33,40
83,Order83,pick_end,438.61074919909976,2025-07-20 16:18:36.644952,Picking,0,3,33,40
83,Order83,pack_start,438.61074919909976,2025-07-20 16:18:36.644952,,0,2,33,40
85,Order85,pick_start,438.61074919909976,2025-07-20 16:18:36.644952,Picking,0,2,33,40
88,Order88,verify_end,438.7181007138868,2025-07-20 16:18:43.086043,,0,2,33,40
83,Order83,pack_end,439.1196065997131,2025-07-20 16:19:07.176396,,0,3,33,40
85,Order85,pick_end,439.49897543195397,2025-07-20 16:19:29.938526,Picking,0,3,34,40
85,Order85,pack_start,439.49897543195397,2025-07-20 16:19:29.938526,,0,2,34,40
86,Order86,pick_start,439.49897543195397,2025-07-20 16:19:29.938526,Picking,0,2,34,40
85,Order85,pack_end,439.54843270327234,2025-07-20 16:19:32.905962,,0,2,34,40
50,Order50,ship_end,440.4661609126841,2025-07-20 16:20:27.969655,Shipping,0,2,35,40
49,Order49,ship_start,440.4661609126841,2025-07-20 16:20:27.969655,Shipping,0,2,34,41
86,Order86,pick_end,440.62229143430284,2025-07-20 16:20:37.337486,Picking,0,2,34,41
86,Order86,pack_start,440.62229143430284,2025-07-20 16:20:37.337486,,0,1,34,41
87,Order87,pick_start,440.62229143430284,2025-07-20 16:20:37.337486,Picking,0,1,34,41
84,Order84,pick_end,440.82694702214,2025-07-20 16:20:49.616821,Picking,0,1,34,41
84,Order84,pack_start,440.82694702214,2025-07-20 16:20:49.616821,,0,0,34,41
88,Order88,pick_start,440.82694702214,2025-07-20 16:20:49.616821,Picking,0,0,34,41
87,Order87,pick_end,440.9247571664877,2025-07-20 16:20:55.485430,Picking,0,0,34,41
87,Order87,pack_start,440.9247571664877,2025-07-20 16:20:55.485430,,0,0,34,41
87,Order87,pack_end,441.35718052304935,2025-07-20 16:21:21.430831,,0,0,34,41
84,Order84,pack_end,441.89732372459775,2025-07-20 16:21:53.839423,,0,0,35,41
86,Order86,pack_end,444.41303705347116,2025-07-20 16:24:24.782223,,0,0,36,41
89,Order89,verify_start,444.55521679983275,2025-07-20 16:24:33.313008,,0,0,37,41
88,Order88,pick_end,444.8014204948997,2025-07-20 16:24:48.085230,Picking,0,0,37,41
88,Order88,pack_start,444.8014204948997,2025-07-20 16:24:48.085230,,0,0,37,41
89,Order89,verify_end,445.2371810807724,2025-07-20 16:25:14.230865,,0,0,37,41
89,Order89,pick_start,445.2371810807724,2025-07-20 16:25:14.230865,Picking,0,0,37,41
88,Order88,pack_end,445.36080713579213,2025-07-20 16:25:21.648428,,0,0,37,41
49,Order49,ship_end,446.9123284466157,2025-07-20 16:26:54.739707,Shipping,0,0,38,41
51,Order51,ship_start,446.9123284466157,2025-07-20 16:26:54.739707,Shipping,0,0,37,42
51,Order51,ship_end,446.96793092366215,2025-07-20 16:26:58.075855,Shipping,0,0,37,42
52,Order52,ship_start,446.96793092366215,2025-07-20 16:26:58.075855,Shipping,0,0,36,43
89,Order89,pick_end,449.50631017190204,2025-07-20 16:29:30.378610,Picking,0,0,36,43
89,Order89,pack_start,449.50631017190204,2025-07-20 16:29:30.378610,,0,0,36,43
90,Order90,verify_start,450.51468457347926,2025-07-20 16:30:30.881074,,0,0,36,43
90,Order90,verify_end,451.06832409432633,2025-07-20 16:31:04.099446,,0,0,36,43
90,Order90,pick_start,451.06832409432633,2025-07-20 16:31:04.099446,Picking,0,0,36,43
91,Order91,verify_start,451.0782178282875,2025-07-20 16:31:04.693070,,0,0,36,43
91,Order91,verify_end,451.8079413423795,2025-07-20 16:31:48.476481,,0,0,36,43
91,Order91,pick_start,451.8079413423795,2025-07-20 16:31:48.476481,Picking,0,0,36,43
90,Order90,pick_end,451.84211303963497,2025-07-20 16:31:50.526782,Picking,0,0,36,43
90,Order90,pack_start,451.84211303963497,2025-07-20 16:31:50.526782,,0,0,36,43
91,Order91,pick_end,452.0140341420163,2025-07-20 16:32:00.842049,Picking,0,0,36,43
91,Order91,pack_start,452.0140341420163,2025-07-20 16:32:00.842049,,0,0,36,43
90,Order90,pack_end,452.4153404054946,2025-07-20 16:32:24.920424,,0,0,36,43
89,Order89,pack_end,452.4460637921281,2025-07-20 16:32:26.763828,,0,0,37,43
91,Order91,pack_end,455.7862141851065,2025-07-20 16:35:47.172851,,0,0,38,43
52,Order52,ship_end,460.8695282087637,2025-07-20 16:40:52.171693,Shipping,0,0,39,43
53,Order53,ship_start,460.8695282087637,2025-07-20 16:40:52.171693,Shipping,0,0,38,44
92,Order92,verify_start,466.9246051793819,2025-07-20 16:46:55.476311,,0,0,38,44
53,Order53,ship_end,466.96608157438493,2025-07-20 16:46:57.964894,Shipping,0,0,38,44
54,Order54,ship_start,466.96608157438493,2025-07-20 16:46:57.964894,Shipping,0,0,37,45
92,Order92,verify_end,468.025954407814,2025-07-20 16:48:01.557264,,0,0,37,45
92,Order92,pick_start,468.025954407814,2025-07-20 16:48:01.557264,Picking,0,0,37,45
92,Order92,pick_end,471.64589709472733,2025-07-20 16:51:38.753826,Picking,0,0,37,45
92,Order92,pack_start,471.64589709472733,2025-07-20 16:51:38.753826,,0,0,37,45
93,Order93,verify_start,475.0073358025465,2025-07-20 16:55:00.440148,,0,0,37,45
93,Order93,verify_end,475.95576840101387,2025-07-20 16:55:57.346104,,0,0,37,45
93,Order93,pick_start,475.95576840101387,2025-07-20 16:55:57.346104,Picking,0,0,37,45
92,Order92,pack_end,477.63894660742466,2025-07-20 16:57:38.336796,,0,0,37,45
